Fecha de creación,layer,Fuente,"Source_Type ",Role_Class,Optimizar,Postular,Interview,Archivar,Rol,Marca,Holding,Prioridad,Score,Last_Gate_Run,VM_Scope,Gate_Decision,Status,Next_Action,hash,Fetch,URL,Score_Method,JD,JD_Quality,Dedup_Flag,JOB_ID,Positioning_Mode,URL Notion,Files,NAD,Apply Date,Interview_Date,Rej Date,Contacto,Notas,Outcome
27 de junio de 2026 23:13,L3,Agregador,Vacante,VM,No,No,No,No,Visual Merchandising Trade Coordinator,Parfums Christian Dior,Dior,3 ALTO,95,ago 15   (GMT-6),Alto,CREATE,Target,Optimizar,,Accesible,https://www.lvmh.com/en/join-us/our-job-offers/PCD22267,DETERMINISTIC,"Visual Merchandising Trade Coordinatorhttps://www.indeed.com/cmp/Christian-Dior?campaignid=mobvjcmp&from=mobviewjob&tk=1jvgei9o5g29k800&fromjk=8801ac91059ef4d8·4.0Ciudad de México, CDMXTiempo completohttps://www.indeed.com/applystart?jk=8801ac91059ef4d8&from=vj&pos=bottom&mvj=0&spon=0&vjfrom=comp-individual-job&asub=mob&astse=fcb4ba0815bc6806&assa=4219
Detalles del empleoNo se proporcionó informaciónTiempo completoDe Ciudad de México, CDMX
Descripción general de la coincidenciaAsí es como las especificaciones del empleo se alinean con tu https://profile.indeed.com/.
Competencias: 4 de 12
• Adobe InDesign
• Management
• SketchUp
• Forecasting
• Adobe Photoshop7 más
Descripción completa del empleo

Position 
Within the Visual Merchandising team, the Visual Merchandising Trade Coordinator is responsible for ensuring the visibility and execution of soft visual merchandising, creating a cohesive and engaging brand story across retail spaces.The role is responsible for the planning and implementation of soft merchandising elements for brand campaigns and product launches, ensuring consistent brand messaging and strong visual appeal.The position works closely with Product Marketing, Trade, Sales, and In-Store teams to optimize visual merchandising deployment and ensure excellence in execution across points of sale. 

Job responsibilities 
Visual Merchandising & Trade Execution* Plan and implement soft merchandising elements for brand campaigns and product launches.* Lead the design, production, and installation of Trade projects, including SPPs, HPPs, retailer decorations, events, Sephora animations, and other activations.* Coordinate Counter Takeovers, including forecasting materials from Central and overseeing local implementation.* Ensure consistent brand messaging and visual excellence across retail spaces.* Ensure compliance with brand standards, safety regulations, and retailer requirements.Cross-functional Coordination* Collaborate with Product Marketing, Trade, Sales, and In-Store teams to optimize VM deployment.* Coordinate with external vendors and suppliers for production and implementation.* Manage photography coordination.* Review OOH color proofs and captions.Store Excellence & Follow-up* Conduct regular store visits to evaluate visual merchandising execution.* Provide feedback and identify opportunities for improvement.* Monitor the quality and consistency of implementation across locations.Project Management & Operations* Manage multiple projects simultaneously, ensuring deadlines and budgets are met.* Prepare reports and follow up on key VM activities.* Manage administrative processes, including POs.* Oversee display warehouse management.* Travel to store locations as required.Responsibilities may evolve according to business needs and ongoing projects.

Profile 
Experience & Education* Minimum 3 years of experience in Visual Merchandising, preferably within a luxury retail environment.* Bachelor’s degree in Industrial Design, Architecture, or a related field.* Understanding of retail operations and consumer behavior.Technical Skills* Strong project management and organizational skills.* Vendor and supplier negotiation.* Budget and deadline management.* Strong reporting and analytical capabilities.* High attention to detail.* Microsoft Office.* Adobe Photoshop.* Adobe Illustrator.* Adobe InDesign.* SketchUp.Key Soft Skills* Creativity & innovation.* Initiative and proactivity.* Resourcefulness and resilience.* Critical thinking and problem solving.* Stakeholder management.* Teamwork and collaboration.* Communication and interpersonal skills.* Emotional intelligence and empathy.* Learning agility and adaptability.* Strategic thinking and business acumen.* Strong work ethic and attention to detail.Dior Values* Create Passionately* Craft Together with Joy* Excel for Ultimate Luxury* Lead with Audacity* Cultivate Triumphant Inclusivity* Commit & Act to Re-enchant the WorldInclusion & DiversityInclusivity is at the heart of Parfums Christian Dior’s excellence. The Maison is committed to creating an environment where everyone feels respected, welcomed, and valued, regardless of their uniqueness.Reasonable adjustments can be provided throughout the application process upon request.

PARFUMS CHRISTIAN DIOR MAISON Christian Dior described himself as a fashion and perfume designer. The House of Dior, founded in 1946, changed the face of ladies’ style forever when its New Look was unveiled in the halls of 30 Avenue Montaigne on February 12, 1947. The revolutionary look was accompanied by a fragrance, Miss Dior, the finishing touch designed to “leave a trail of desire in a woman’s wake”. This timeless perfume was the first fragrance created by a visionary brand which invented the concept of global beauty with its Rouge Dior and subsequent cosmetic lines. The current-day trustees of this legendary expertise – Francis Kurkdjian, Perfume Creation Director, and Peter Philips, Creative and Image Director for Dior Makeup – are the heirs to Christian Dior’s perfectionism. The worldwide renown of the House’s creations is partly down to its seductive muses, including Charlize Theron, Natalie Portman and Robert Pattinson.",JD Completo,,,N1 · Luxury Brand Execution,,,,,,,,"REVISIÓN MANUAL REQUERIDA: sin fuente rastreable a la vacante específica. El link registrado es una URL de alerta/búsqueda genérica, no el posting original. Se recomienda re-capturar el URL correcto o archivar. | No se encontró posting directo verificado en esta sesión. Mantener URL de búsqueda como referencia. [2026-08-10]",
8 de julio de 2026 4:48,L3,Indeed,Vacante,VM,No,No,No,No,Assistant Visual Merchandising,Carter's,Investigar,1 BAJO,60,ago 15   (GMT-6),Alto,CREATE,Target,Optimizar,e3d6c1f8958443805fbfccaa9226ee12839c0a33b5dc23a716094e653611a692,Accesible,occ.com.mx/empleo/oferta/21213079-assistant-visual-merchandasing/,DETERMINISTIC,"Sobre el empleoCategoría: https://www.occ.com.mx/empleos/trabajo-en-mercadotecnia-publicidad-relaciones-publicasSubcategoría: https://www.occ.com.mx/empleos/trabajo-en-mercadotecnia-publicidad-relaciones-publicasEducación mínima requerida: https://www.occ.com.mx/empleos/trabajo-en-mercadotecnia-publicidad-relaciones-publicas
Detalles
Contratación:Tiempo completo
Horario:https://www.occ.com.mx/empleos/tiempo-completo
Espacio de trabajo:https://www.occ.com.mx/empleos/tipo-home-office-mixto
Descripción
En Carter's se siente la energía positiva y las posibilidades de innovar y crecer. Seguramente te sentirías orgulloso(a) de formar parte de nuestra empresa, ya que contamos con la vitalidad de una compañía en constante renovación, en busca de personas que nos ayuden a construir un futuro tan increíble como nuestro pasado.
Si tienes talento para innovar, ganas de colaborar y disfrutas celebrar los logros, ¡este es el lugar para ti!
Carter's es una empresa con una sólida trayectoria desde 1865. Somos el mayor comercializador de ropa de bebé y niños con marcas reconocidas en Estados Unidos, y el segundo más grande en México, a través de dos de las marcas más queridas y perdurables: Carter's y OshKosh B'gosh.
ACTIVIDADES PRINCIPALES
1.Desarrollo y ejecución de estrategias de Visual Merchandising
Diseñar lineamientos visuales y asegurar su correcta implementación en tienda, alineados con los estándares de marca.
2.Supervisión y cumplimiento en tienda
Monitorear la ejecución visual en puntos de venta, garantizando consistencia, calidad y apego a las guías establecidas.
3.Planeación y ejecución de campañas visuales
Crear y desplegar presentaciones visuales para lanzamientos, campañas comerciales y eventos corporativos.
4.Soporte operativo y colaboración cross-functional
Trabajar con Marketing, Ventas y Operaciones para alinear prioridades, implementar ajustes y asegurar impacto en negocio.
5.Comunicación, capacitación y mejora continua
Capacitar equipos de tienda, desarrollar materiales visuales y dar seguimiento a reportes y oportunidades de mejora.
REQUISITOS
• 1 a 2 años en visual merchandising
• Lic. Diseño Gráfico, Marketing o similar
• Análisis de desempeño en tienda (KPIs, ventas, tráfico)
• Gestión de proyectos visuales (campañas, lanzamientos)
• Herramientas de diseño (Adobe Suite, Canva, etc.)
• Excel intermedio
• Inglés intemedio
BENEFICIOS SUPERIORES A LA LEY
• Fondo de Ahorro
• Seguro de Vida y Gastos Médicos Mayores
• Vacaciones Premium
• Vales de despensa
 MODELO HÍBRIDO: Oficinas Corporativas en Antara, Polanco
En Carter's promovemos una cultura de inclusión y un entorno de igualdad y respeto. Por ello, nuestro proceso de Atracción de Talento está alineado a una política de equidad y no discriminación, con un firme compromiso de atraer, retener, desarrollar y motivar a nuestro talento humano con base en sus competencias y habilidades.
Carter's ofrece igualdad de oportunidades a todas las personas candidatas, sin distinción de raza, religión, género, orientación sexual, estado civil o conyugal, nacionalidad o cualquier otra condición protegida por las leyes federales, estatales o locales. Asimismo, no solicitamos certificados médicos de no embarazo ni de Virus de Inmunodeficiencia Humana (VIH) como requisitos para el ingreso, permanencia o promoción en el empleo.
Lo que busca la empresa
• Tiempo de experiencia 1 año
• Estudios Universitarios - no titulado
• Disponibilidad para viajar.
Competencias clave para el puesto
• Inglés - Intermedio",JD Completo,,21213079,N4 · Commercial VM & Field Leadership,,,,,,,,"Status revertido: URL Gate lo marcó 'Expirada' por falta de esquema https:// en la URL, no por vacante muerta — Gate_Decision=CREATE lo confirma activo. JD/JOB_ID real de OCC (21213079).",
10 de julio de 2026 20:26,L1,Indeed,Vacante,VM,No,No,No,No,Supervisor Visual Merchandising,Multicont,Investigar,1 BAJO,60,ago 15   (GMT-6),Alto,CREATE,Target,Optimizar,8e24a0356e95ab6c8b179fc98e51a3c22be90130ec70380768de9c7a7f46af69,Accesible,https://mx.indeed.com/viewjob?jk=41ad6ff6f78eb138,DETERMINISTIC,"Información del empleo
Sueldo
• $22,000 a $26,000 por mes
Tipo de empleo
• Tiempo completo&nbsp;
UbicaciónCuauhtémoc, CDMX&nbsp;
Descripción completa del empleo

Supervisor de Visual Merchandising 
Objetivo del puesto 
Liderar y desarrollar al equipo de Visual Merchandising en tiendas departamentales y cuentas wholesale, asegurando una correcta ejecución visual y comercial en punto de venta, así como el cumplimiento de campañas, lineamientos de marca y objetivos comerciales.
Buscamos un perfil con liderazgo estratégico, capacidad para desarrollar equipos, resolver conflictos y generar relaciones sólidas con las cuentas y tiendas.
Funciones principales 
• Coordinar y liderar un equipo de 8 a 12 Visual Merchandisers en diferentes puntos de venta.
• Elaborar rutas semanales y asegurar cobertura eficiente de tiendas.
• Supervisar la correcta implementación de campañas, exhibiciones y lineamientos de marca.
• Dar seguimiento al desempeño del equipo mediante retroalimentación y acompañamiento constante.
• Detectar oportunidades de mejora en layout, exhibiciones y espacios comerciales.
• Negociar espacios adicionales y mantener relación con personal clave de tienda.
• Analizar ventas, desplazamiento de producto y comportamiento comercial por punto de venta.
• Elaborar reportes reportes administrativos sobre necesidades y dará de tiendas, reportes fotográficos y seguimiento a KPIs.
• Asegurar la correcta integración y seguimiento del personal de nuevo ingreso.
• Resolver incidencias operativas y dar soporte estratégico al equipo en campo.
• Coordinar aperturas de tiendas y proyectos especiales.
• Garantizar que mobiliario, materiales y ejecución visual estén alineados a estándares de marca.
Requisitos 
• Experiencia mínima de 2 años como Supervisor de Visual Merchandising en retail, moda o industria textil.
• Experiencia liderando equipos en campo.
• Experiencia en tiendas departamentales y cuentas wholesale.
• Conocimiento sólido en Visual Merchandising y ejecución comercial.
• Habilidades de liderazgo, negociación y resolución de conflictos.
• Capacidad analítica y visión comercial.
• Disponibilidad para trabajo en campo y rutas.
Competencias clave 
• Liderazgo y desarrollo de equipos
• Comunicación asertiva
• Organización y planeación
• Resolución de conflictos
• Proactividad
• Visión estratégica y comercial
• Trabajo en equipo
• Orientación a resultados
• Conocimiento en colorimetría y styling
Ofrecemos:
• Sueldo base: $18,374.48
• Vales de despensa: $1,665.00
• Bono de desempeño $4,995.00
• Bono de transporte: $1,110.00
• Prestaciones de ley, cotización al 100% ante IMSS",JD Completo,Posible duplicado,,N4 · Commercial VM & Field Leadership,,,,,,,,"Duplicado confirmado manualmente (jk rotativo Indeed) vs 39a938befc428102a26ecbc0fe20917c — mismo Marca/Score/Fuente/Layer, creados con 2s de diferencia. Dedup_Flag marcado por el operador fuera del flujo Python estándar (KERNEL:CV-GOLDEN-RULES-002), decisión explícita 2026-07-20.",
14 de julio de 2026 18:34,L3,Indeed,Vacante,VM,No,No,No,No,Gerente de Visual Merchandising y Desarrollo de Tienda,SERVICIOS ANDREI MOYGO,Investigar,1 BAJO,60,ago 15   (GMT-6),Alto,CREATE,Target,Optimizar,29ba59be72285b49f42a1d99608dada58603cedeba4112ed8abd21b7d29c1395,Accesible,https://mx.indeed.com/viewjob?jk=7e8f54e928df2455,DETERMINISTIC,"Información del empleo
Sueldo
• $35,000 a $40,000 por mes
Tipo de empleo
• Tiempo completo&nbsp;
Ubicación06020, Centro (Área 3), CDMX&nbsp;
Descripción completa del empleo
Empresa líder en su ramo, especializada en productos de estilo de vida y retail premium, busca integrar a su equipo un(a) Gerente de Visual Merchandising y Desarrollo de Tienda, responsable de diseñar e implementar la estrategia visual y comercial de la marca para fortalecer su posicionamiento e impulsar el crecimiento del negocio.
Buscamos un perfil creativo, estratégico y orientado a resultados, apasionado por el diseño, la experiencia del cliente y el desarrollo de conceptos comerciales innovadores.
Requisitos
• Licenciatura en Diseño de Interiores, Diseño Industrial, Arquitectura, Mercadotecnia, Diseño de Modas, Artes o carrera afín.
• Experiencia mínima de 3 años en Visual Merchandising, Retail o Desarrollo de Tiendas.
• Experiencia en empresas de retail premium, decoración, home decor, lifestyle, velas, mobiliario o boutiques.
• Conocimiento en colorimetría, escaparatismo, exhibición de productos y tendencias de diseño.
• Experiencia desarrollando estrategias comerciales y de pricing.
• Experiencia en aperturas de tiendas o implementación de conceptos comerciales (deseable).
• Disponibilidad para laborar de forma presencial.
Principales responsabilidades
• Diseñar e implementar la estrategia de Visual Merchandising de la marca.
• Crear experiencias de compra que fortalezcan el posicionamiento comercial e incrementen las ventas.
• Desarrollar conceptos visuales para tiendas y exhibiciones.
• Coordinar el montaje de escaparates, displays y exhibiciones de producto.
• Participar en el desarrollo de nuevas colecciones y estrategias de lanzamiento.
• Definir estrategias de precios y promociones alineadas a los objetivos del negocio.
• Liderar la apertura de nuevas sucursales desde la perspectiva visual y comercial.
• Desarrollar alianzas estratégicas con boutiques, wedding planners y clientes B2B.
• Analizar tendencias de mercado para mantener una propuesta innovadora y competitiva.
Ofrecemos
• Sueldo de $35,000 a $40,000 libres mensuales, de acuerdo con experiencia.
• Prestaciones de ley.
• Plan de desarrollo y crecimiento profesional.
• Contratación inmediata.
• Estabilidad laboral.
Horario
• Lunes a viernes de 9:00 a 18:00 hrs.
• Sábados de 9:00 a 15:00 hrs.
Zona de trabajo
Centro de la Ciudad de México, a 5 minutos del Zócalo.
Si te apasiona crear experiencias de compra memorables, desarrollar conceptos visuales innovadores y contribuir al crecimiento de una marca, ¡queremos conocerte! Postúlate por este medio o envia tu CV al 6241606470
Sueldo: $35,000.00 - $40,000.00 al mes
Pregunta(s) de postulación:
• ¿Has trabajado en empresas de retail premium, decoración, home decor, lifestyle, moda o boutiques?
• ¿Has diseñado e implementado estrategias de exhibición o escaparatismo para puntos de venta?
• ¿Has trabajado con wedding planners, boutiques, diseñadores de interiores o clientes B2B? Describe tu experiencia.
• ¿Qué aspectos consideras al seleccionar la paleta de colores para una exhibición comercial y cómo influye en la experiencia de compra y el comportamiento del consumidor?
• ¿Que edad tienes actualmente?
Escolaridad:
• Licenciatura terminada (Obligatorio)
Experiencia:
• Visual Merchandising: 3 años (Obligatorio)
Lugar de trabajo: Empleo presencial",JD Completo,,,N2 · Store Design & Flagship Execution,,,ago 15,,,,,,
22 de julio de 2026 14:21,L3,Indeed,Vacante,VM,No,No,No,No,Visual Merchandiser / Retail Skincare,GRUPO EUROKOR DE MEXICO,Investigar,1 BAJO,60,ago 15   (GMT-6),Alto,CREATE,Target,Optimizar,9b68d2078200b503c277f3f5d69c744bdd638b37458eba7f82ef7cf2cfa6c3dd,Accesible,https://mx.indeed.com/pagead/clk/dl?mo=r&ad=-6NYlbfkN0CjPWGOyx512YlmGzyc16sEG87z1LeD9nDc5kJx8FnRhNLzUv7lV_-7i9aiZP5CYbympk-_Hq0ohrWbzGbnRyfwGJmwiDgYbLk-F1-JA8MY8gg4Nu9ZFW9i15biomco5oHcw8vRmXSmcDq18jUPrrCuT7Zya0OMxmX6TolZRaC9CrsYFNClMA7Cmc_vkFJsyqFMOkURjWKudI2cA4DSQzvrC4L2pj3cNCWVWNh3mZFzPa4MwQnESdXF6cMGqKBmLWX93lBg3iSuU_QlIDDJc5D9g5bgWUHpxQtA_Tdl7pEbMaxPFXEcl5cE9oz6ngQYzAjRzGrmH8IRhLlQAmHjsSC7mh72O2Iio2mU1_iUHOpzJSSmiTWyWtQWxyaYjOpc23gVlKbGUO4Uc2JnIIeBb2tlEFfpxmJGKiakgfbz8U8pjskTDDdpJw5gziCoUQrkwF3wXV27mrIPEE61xpwSUhCfX6AlSimHUDqFEkT1toBGQaU38mRPRgCT-PSvfJ1JACZbUGPbs3tN7glkfuyynS47fW9QJr7hM5idlo6TTqQdPFPJ1igPAn0esUxXnohwV96hNBDARO5HQyYU5DCi3AypQ-8iOsO3Cf86HrC9BfJARPTb9Yj79mTTUXBFIWY9bSo1Cd9aMmgr5dIqQyHEk2ZAnHddUo0zCmiaOZi1nMZau0rkT424XBDaSJpNr60XUf4zOvDH-4z7aC6mjzrL_ZYkei-ZMlWDZyehBcEmHKTNmTMPJQz-S9WYxDVrQMJxypV3toL8NdLTw2gTCnjLE7QOwUctEnHDSkeayaz_eppyQYfi11AnXxgm,DETERMINISTIC,"Información del empleo
Sueldo
• $38,000 a $45,000 por mes
Tipo de empleo
• Tiempo completo&nbsp;
Ubicación11000, Colonia Lomas de Chapultepec, CDMX&nbsp;
Beneficios
Obtenidos de la descripción completa del empleo
• Oportunidades de crecimiento&nbsp;
Descripción completa del empleo
Objetivo del Puesto
Garantizar que la imagen de las tiendas refleje la identidad de la marca mediante la correcta ejecución de estrategias de Visual Merchandising, asegurando una experiencia de compra atractiva que incremente el tráfico, la permanencia del cliente y las ventas, manteniendo los estándares corporativos en todas las sucursales.
Principales responsabilidades:
Visual Merchandising:
• Implementar los lineamientos de imagen de la marca en todas las tiendas.
• Diseñar y ejecutar exhibiciones atractivas para lanzamientos, promociones y temporadas.
• Mantener la correcta distribución de productos de acuerdo con planogramas.
• Optimizar la presentación del producto para maximizar las ventas.
• Supervisar la correcta colocación de mobiliario, exhibidores y material POP.
• Verificar que la iluminación, limpieza y orden de los espacios cumplan con los estándares establecidos.
Imagen de Tienda:
• Asegurar que cada sucursal conserve una imagen uniforme.
• Detectar oportunidades de mejora en exhibiciones y escaparates.
• Revisar el estado físico de mobiliario, señalización y elementos decorativos.
• Proponer mejoras continuas para la experiencia visual del cliente.
Operación Comercial:
• Analizar el comportamiento de venta por categoría para optimizar espacios.
• Coordinar cambios de layout cuando sea necesario.
• Apoyar en aperturas, remodelaciones y reubicaciones de tiendas.
• Dar seguimiento al surtido adecuado para evitar espacios vacíos.
Experiencia del cliente:
• Diseñar una experiencia de compra excepcional.
• Mejorar continuamente el recorrido del cliente.
• Crear momentos memorables dentro de la tienda.
• Medir la satisfacción del cliente y proponer mejoras.
Marketing en tienda:
• Organizar eventos y activaciones.
• Planear lanzamientos de productos.
• Coordinar campañas dentro de la tienda.
• Crear experiencias especiales para fechas importantes.
Escolaridad
• Licenciatura en Diseño de Interiores, Diseño Industrial, Diseño Gráfico, Mercadotecnia, Arquitectura, Comunicación Visual o carrera afín.
Experiencia
Indispensable:
• 4 a 6 años en Visual Merchandising dentro del sector Retail.
• Experiencia en tiendas de cosméticos, skincare, belleza, moda o lujo.
• Implementación de planogramas.
• Montaje de campañas comerciales.
• Aperturas de tiendas.
• Disponibilidad para viajar.
• Contar con automovil.
Deseable:
• Experiencia en cadenas nacionales.
• Manejo de múltiples sucursales.
• Contar con automovil
Ofrecemos:
• Sueldo: $38,000.00 a $45,000.00 netos (De acuerdo a experiencia).
• Prestaciones de ley.
• Oportunidad de desarrollo profesional en un sector en auge: skincare coreano.
• Ambiente creativo, dinámico y con exposición a tendencias internacionales de belleza.
Te interesa?
Envía tu portafolio y CV actualizado a yammateos@eurokor.mx con el asunto:
VISUAL MERCHANDISING / RATAIL
Enviar mensaje al 5610848628 con tu CV y Book
Tipo de puesto: Tiempo completo / Híbrido.
Lugar de trabajo: Empleo presencial
Sueldo: $38,000.00 - $45,000.00 al mes
Lugar de trabajo: Empleo presencial",JD Completo,Posible duplicado,,N2 · Store Design & Flagship Execution,,,,,,,,,
1 de agosto de 2026 1:29,L3,Indeed,Vacante,VM,No,No,No,No,Visual Merchandiser,Multicont,Investigar,2 MEDIO,60,ago 15   (GMT-6),Alto,CREATE,Target,Optimizar,86e7da55e1edd7d92a52b036ca1570e8df90b064c863d0d6e1bb34a1cce86402,Accesible,https://mx.indeed.com/viewjob?jk=07f5ef989a4a9638,DETERMINISTIC,"Álvaro Obregón, CDMX$11,500 a $15,800 por mes -  Tiempo completo&nbsp;
Información del empleo
Sueldo
• $11,500 a $15,800 por mes
Tipo de empleo
• Tiempo completo
Turno y horario
• Lunes a viernes&nbsp;
UbicaciónÁlvaro Obregón, CDMX&nbsp;
Descripción completa del empleo

Objetivo del puesto
Ejecutar las estrategias de Visual Merchandising en tiendas departamentales y cuentas wholesale asegurando la correcta presentación visual del producto, implementación de campañas y cumplimiento de lineamientos de marca para maximizar la experiencia del consumidor y el desplazamiento comercial.
Principales responsabilidades
• Implementar lineamientos y estrategias de Visual Merchandising en tiendas asignadas.
• Ejecutar exhibiciones, layout, campañas y espacios promocionales de acuerdo con estándares de marca.
• Asegurar el correcto acomodo, limpieza y presentación de producto y mobiliario.
• Detectar oportunidades de mejora visual y comercial dentro de tienda.
• Realizar visitas constantes a los puntos de venta asignados.
• Dar seguimiento a campañas y proyectos vigentes.
• Garantizar la correcta implementación de materiales visuales en conjunto de mercadeo en campañas e impulsos
• Asegurar la correcta toma y envío de reportes fotográficos.
• Mantener comunicación constante con gerentes y personal de tienda.
• Apoyar en negociaciones de espacios adicionales para incrementar visibilidad de producto.
• Resolver incidencias operativas relacionadas con ejecución visual.
• Realizar reportes de ejecución, campañas, mantenimientos, competencias, así como necesidades de las tienda.
• Dar seguimiento a inventarios, desplazamiento de producto y oportunidades comerciales.
• Compartir información relevante con Supervisor y equipo correspondiente.
• Realizar ejecuciones atractivas con storytelling en styling y colorizaciòn.
Requisitos
• Experiencia mínima de 1 año en Visual Merchandising, preferentemente en moda, retail o industria textil.
• Experiencia en tiendas departamentales o cuentas wholesale.
• Conocimiento de exhibiciones, layout y ejecución visual.
• Habilidades de organización y seguimiento.
• Excelente actitud de servicio y comunicación.
• Disponibilidad para trabajo en campo y rutas.
Competencias clave
• Conocimiento en colorimetría
• Sentido visual y atención al detalle
• Organización
• Proactividad
• Comunicación efectiva
• Adaptabilidad
• Trabajo en equipo
• Enfoque comercial
• Resolución de problemas
• Orientación a resultados
Ofrecemos:
Sueldo base:$11,500 brutos.
Bono de desempeño (no ventas): $3,000
Vales de despensa: $1,000
Bono de transporte: $300
Prestaciones de ley, cotización al 100% ante IMSS
Horario laboral: Lunes a viernes 11:00 a 20:00.",JD Completo,Posible duplicado,,N4 · Commercial VM & Field Leadership,,,,,,,,,
8 de agosto de 2026 4:07,L1,Career Page Oficial,Vacante,VM,No,No,No,No,Visual Merchandising Specialist,Intimissimi,,3 ALTO,70,ago 15   (GMT-6),Alto,CREATE,Target,Optimizar,0cf304a81092d3cf6c1113a2331e00921cbf28e0b4b9188eb09b6ac767f2f847,Accesible,https://www.linkedin.com/jobs/view/4437680978,DETERMINISTIC,"About the job

¿Tu pasión es crear espacios que inspiren y enamoren a primera vista?
Esta oportunidad es para ti.


En Intimissimi México estamos en búsqueda de nuestro próximo Visual Merchandising Specialist, una persona creativa, organizada, estratégica y apasionada por la moda, capaz de transformar cada espacio en una historia que refleje la esencia de nuestra marca.


¿Qué buscamos?
✔ Experiencia de 2 años en Visual Merchandising dentro de fashion retail.
✔ Tenga un alto sentido estético y atención al detalle.
✔ Disfrute trabajar en campo, visitando nuestras boutiques para garantizar la correcta ejecución de los lineamientos, así como capacitar y acompañar a los equipos de venta para mantener los estándares visuales y la identidad de la marca.
✔ Sea capaz de analizar resultados y convertir el visual en una herramienta para impulsar las ventas.
✔ Esté apasionado por las tendencias, la moda y la experiencia del cliente.


Serás responsable de:
🎯 Implementar las estrategias de Visual Merchandising en nuestras boutiques.
🛍️ Garantizar que cada tienda represente la identidad y los estándares visuales de Intimissimi.
👥 Capacitar y acompañar a los equipos de venta, para asegurar la correcta ejecución de los lineamientos de Visual Merchandising.
📊 Analizar indicadores comerciales para identificar oportunidades de mejora a través del visual.
🤝 Colaborar con las diferentes áreas para garantizar una experiencia de compra excepcional.
✈️ Visitar boutiques a nivel nacional para supervisar la implementación de campañas, colecciones y estándares de la marca.
✨ Asegurar que cada espacio refleje la esencia, elegancia y sofisticación de la marca.


¿Qué ofrecemos?
✨ Formar parte de una marca italiana reconocida a nivel mundial.
✨ Un ambiente dinámico, creativo y enfocado en la moda.
✨ La oportunidad de dejar tu huella en cada una de nuestras boutiques en México.


📍 Ubicación: Ciudad de México (con alta disponibilidad para viajar).


Si te apasiona la moda y quieres formar parte de una marca que inspira elegancia, feminidad y sofisticación, nos encantaría conocerte.


📩 Aplica o compártelo por mensaje directo.


#Intimissimi #VisualMerchandising #FashionRetail #RetailJobs #LuxuryRetail #Moda #Hiring #México
",JD Completo,,,N4 · Commercial VM & Field Leadership,,,,,,,,Alias resuelto: Oniverse → Intimissimi (alias_map.json actualizado 2026-08-10),
8 de agosto de 2026 4:07,L1,Career Page Oficial,Vacante,VM,No,No,No,No,Supervisor de Visual Merchandising y Styling,Multicont,Independiente,2 MEDIO,60,ago 15   (GMT-6),Alto,CREATE,Target,Optimizar,0601f7c8e642626715114ec88a39157004423716ba05a314090fc2f26ea9bd8f,Accesible,https://mx.computrabajo.com/ofertas-de-trabajo/oferta-de-trabajo-de-supervisor-de-visual-merchandising-y-styling-cdmx-en-cuauhtemoc-f69bbea01c523b0261373e686dcf3405,DETERMINISTIC,"Supervisor de Visual Merchandising y Styling - Cdmx
Multicont - Cuauhtémoc, Ciudad de México DFOfertaEmpresaEvaluacionesSalariosOfertas similares
Descripción de la oferta$ 22,000.00 (Mensual) Contrato por tiempo indeterminado Tiempo Completo
Supervisor de Visual Merchandising y Styling CDMX Objetivo del puesto Liderar y desarrollar al equipo de Visual Merchandising en tiendas departamentales y cuentas wholesale, asegurando una correcta ejecución visual y comercial en punto de venta, así como el cumplimiento de campañas, lineamientos de marca y objetivos comerciales. Buscamos un perfil con liderazgo estratégico, apasionado de la moda y Styling, con capacidad para desarrollar equipos, resolver conflictos y generar relaciones sólidas con las cuentas y tiendas. Funciones principales Crear y coordinar propuestas creativas de Styling, además de liderar un equipo de 8 a 12 Visual Merchandisers en diferentes puntos de venta. Elaborar rutas semanales y asegurar cobertura eficiente de tiendas. Supervisar la correcta implementación de campañas, visuales, estilismo, exhibiciones y lineamientos de marca, estilizar maniquíes, exhibiciones y looks de acuerdo con tendencias y objetivos comerciales. Dar seguimiento al desempeño del equipo mediante retroalimentación y acompañamiento constante. Detectar oportunidades de mejora en layout, exhibiciones y espacios comerciales. Negociar espacios adicionales y mantener relación con personal clave de tienda. Analizar ventas, desplazamiento de producto y comportamiento comercial por punto de venta. Reportes administrativos sobre necesidades y dará de tiendas, reportes fotográficos y seguimiento a KPIs. Asegurar la correcta integración y seguimiento del personal de nuevo ingreso. Resolver incidencias operativas y dar soporte estratégico al equipo en campo. Coordinar aperturas de tiendas y proyectos especiales. Garantizar que mobiliario, materiales y ejecución visual estén alineados a estándares de marca. Analizar ventas y proponer ajustes visuales o estilísticos basados en resultados. Requisitos: Experiencia mínima de 2 años como Supervisor de Visual Merchandising, Styling, retail, moda o industria textil. Pasión por la moda, visión estética y capacidad para traducir conceptos de estilo en propuestas visuales atractivas. Muy deseable, Conocimiento en sneakers, especialmente en lanzamientos y colaboraciones Experiencia liderando equipos en campo. Experiencia en tiendas departamentales y cuentas wholesale. Conocimiento sólido en Visual Merchandising, ejecución comercial y Styling. Habilidades de liderazgo, negociación y resolución de conflictos. Capacidad analítica y visión comercial. Disponibilidad para trabajo en campo y rutas. Competencias clave Liderazgo y desarrollo de equipos Comunicación asertiva Organización y planeación Resolución de conflictos Proactividad Visión estratégica y comercial Trabajo en equipo Orientación a resultados Conocimiento en colorimetría y styling
Requerimientos
• Educación mínima: Educación media superior -Bachillerato General
• 2 años de experiencia
",JD Completo,Posible duplicado,,N4 · Commercial VM & Field Leadership,,,,,,,,,
8 de agosto de 2026 4:07,L1,Career Page Oficial,Vacante,VM,No,No,No,No,Supervisor Visual Merchandising,Multicont,Independiente,2 MEDIO,60,ago 15   (GMT-6),Alto,CREATE,Target,Optimizar,51c1c0e30572fef0a90d747ec31bfee3b3e2a77b7e43b9a1df43fa1864a07595,Accesible,https://mx.computrabajo.com/ofertas-de-trabajo/oferta-de-trabajo-de-supervisor-visual-merchandising-cdmx-en-cuauhtemoc-9c181c82eb2f1e0a61373e686dcf3405,DETERMINISTIC,"Supervisor Visual Merchandising - Cdmx
Multicont - Cuauhtémoc, Ciudad de México DFOfertaEmpresaEvaluacionesSalariosOfertas similares
Descripción de la oferta$ 22,000.00 (Mensual) Contrato por tiempo indeterminado Tiempo Completo
Supervisor de Visual Merchandising Objetivo del puesto Liderar y desarrollar al equipo de Visual Merchandising en tiendas departamentales y cuentas wholesale, asegurando una correcta ejecución visual y comercial en punto de venta, así como el cumplimiento de campañas, lineamientos de marca y objetivos comerciales. Buscamos un perfil con liderazgo estratégico, capacidad para desarrollar equipos, resolver conflictos y generar relaciones sólidas con las cuentas y tiendas. Funciones principales Coordinar y liderar un equipo de 8 a 12 Visual Merchandisers en diferentes puntos de venta. Elaborar rutas semanales y asegurar cobertura eficiente de tiendas. Supervisar la correcta implementación de campañas, exhibiciones y lineamientos de marca. Dar seguimiento al desempeño del equipo mediante retroalimentación y acompañamiento constante. Detectar oportunidades de mejora en layout, exhibiciones y espacios comerciales. Negociar espacios adicionales y mantener relación con personal clave de tienda. Analizar ventas, desplazamiento de producto y comportamiento comercial por punto de venta. Elaborar reportes reportes administrativos sobre necesidades y dará de tiendas, reportes fotográficos y seguimiento a KPIs. Asegurar la correcta integración y seguimiento del personal de nuevo ingreso. Resolver incidencias operativas y dar soporte estratégico al equipo en campo. Coordinar aperturas de tiendas y proyectos especiales. Garantizar que mobiliario, materiales y ejecución visual estén alineados a estándares de marca. Requisitos Experiencia mínima de 2 años como Supervisor de Visual Merchandising en retail, moda o industria textil. Experiencia liderando equipos en campo. Experiencia en tiendas departamentales y cuentas wholesale. Conocimiento sólido en Visual Merchandising y ejecución comercial. Habilidades de liderazgo, negociación y resolución de conflictos. Capacidad analítica y visión comercial. Disponibilidad para trabajo en campo y rutas. Competencias clave Liderazgo y desarrollo de equipos Comunicación asertiva Organización y planeación Resolución de conflictos Proactividad Visión estratégica y comercial Trabajo en equipo Orientación a resultados Conocimiento en colorimetría y styling Ofrecemos: Sueldo base: $18,374.48 Vales de despensa: $1,665.00 Bono de desempeño $4,995.00 Bono de transporte: $1,110.00 Prestaciones de ley, cotización al 100% ante IMSS
Requerimientos
• Educación mínima: Educación media superior -Bachillerato General
• 2 años de experiencia",JD Completo,Posible duplicado,,N4 · Commercial VM & Field Leadership,,,,,,,,semi-duplicate (dedup cross-layer),
8 de agosto de 2026 4:07,L1,Career Page Oficial,Vacante,VM,No,No,No,No,Gerente de Visual Merchandising,Confidencial,,2 MEDIO,60,ago 15   (GMT-6),Alto,CREATE,Target,Optimizar,fa321a735c15e2b0e06fc52d7c4cf4741895d01acfd200134f48cf5371a960c3,Accesible,https://mx.computrabajo.com/ofertas-de-trabajo/oferta-de-trabajo-de-gerente-de-visual-merchandising-en-iztacalco-18460dc7acdf5aeb61373e686dcf3405,DETERMINISTIC,"Gerente de Visual Merchandising
Importante empresa del sector - Iztacalco, Ciudad de México DFOfertaOfertas similares
Descripción de la ofertaA convenir Contrato por tiempo indeterminado Tiempo Completo
Funciones:

Establecer la estrategia y dirección del visual merchandising para la marca Asegurar e implementar y ejecutar la estrategia en los puntos de venta 
Capacitar y Desarrollar equipos de venta 
Análisis comercial y control presupuestal 
Mejora Continua 
Gestión de proyectos visuales 
Gestión de equipos y Operación a Distancia 

Ofrecemos :

Estabilidad laboral 
Sueldo de acuerdo a experiencia 
Prestaciones de ley y prestaciones superiores 

Competencias requeridas:

• Gusto por la moda
• Dinamismo
• Enfoque comercial y aptitud para las ventas
• Liderazgo 
• Manejo de KPIs de ventas
• Metodología de ventas
• Dominio de Visual Merchandising y escaparatismo
• Conocimiento de tendencias de moda y diseño
• Manejo de Office , Adobe Canva o herramientas de diseño grafico.

Interesados postularse por este medio adjuntando su portafolio 
Requerimientos
• Educación mínima: Educación superior - Licenciatura
• 5 años de experiencia
• Edad: entre 28 y 45 años
• Conocimientos: Estrategia, Gestión de equipos, Gestión de proyectos, Control de presupuestos, Ventas, Visual merchandising, Comunicación efectiva, Análisis comercial, Coaching de liderazgo
• Disponibilidad de viajar: Si
Aptitudes asociadas a esta ofertaNuevoEstrategia Gestión de equipos Gestión de proyectos Control de presupuestosVentas Visual merchandising Comunicación efectiva Análisis comercial",JD Completo,Posible duplicado,,N4 · Commercial VM & Field Leadership,,,,,,,,"Importante empresa del sector: placeholder genérico, no es alias de marca real. Se mantiene Confidencial. Resolución manual, sin alta en alias_map.json.",
8 de agosto de 2026 4:07,L1,Career Page Oficial,Vacante,VM,No,No,No,No,Coordinador de visual merchandising,Milano Operadora,,2 MEDIO,60,ago 15   (GMT-6),Alto,CREATE,Target,Optimizar,c4abf58dacf6ffabb5a900f40938824e1217da8a484dd113091fa05e12e6ace1,Accesible,http://www.occ.com.mx/empleo/oferta/21265675,DETERMINISTIC,"Coordinador de visual merchandising
$18,000 - $22,000 MensualMILANO OPERADORA  en Ciudad de Méxicohttps://supportcenter.occ.com.mx/hc/es/articles/23384624018962--Qu%C3%A9-significa-Empresa-verificadaPostularme
Coordinador de visual merchandising
$18,000 - $22,000 MensualMILANO OPERADORA Ciudad de Méxicohttps://supportcenter.occ.com.mx/hc/es/articles/23384624018962--Qu%C3%A9-significa-Empresa-verificadaPostularme
Sobre el empleoCategoría: https://www.occ.com.mx/empleos/trabajo-en-mercadotecnia-publicidad-relaciones-publicasSubcategoría: https://www.occ.com.mx/empleos/trabajo-en-mercadotecnia-publicidad-relaciones-publicasEducación mínima requerida: https://www.occ.com.mx/empleos/trabajo-en-mercadotecnia-publicidad-relaciones-publicas
Detalles
Contratación:Tiempo completo
Horario:https://www.occ.com.mx/empleos/tiempo-completo
Espacio de trabajo:https://www.occ.com.mx/empleos/tipo-en-oficina
Beneficios
• Prestaciones de ley
Descripción
Empresa mexicana dedicada al sector retail (ROPA) busca Coordinador de Visual Merchandising.
Objetivo del puesto:


Diseñar y garantizar la estrategia de Visual Merchandising en todos los puntos de venta, asegurando que la exhibición, presentación de producto y comunicación visual impulsen las ventas, refuercen la identidad de marca y generen experiencias atractivas para nuestros clientes.
Será responsable de coordinar escaparates, displays y presentaciones de producto que no solo luzcan impecables, sino que impulsen las ventas y la experiencia del cliente.
Colaborará de cerca con Marketing, Compras y Operaciones en lanzamientos, temporadas y campañas estratégicas.


Requisitos:
· Licenciatura en Diseño de Interiores, Mercadotecnia, Diseño de Modas o carrera afín.
· Experiencia mínima de 3 años en Visual Merchandising, Retail o Desarrollo de Tiendas.
· Conocimiento en colorimetría, escaparatismo, exhibición de productos y tendencias de diseño.
· Experiencia en aperturas de tiendas o implementación de conceptos comerciales (deseable).
· Disponibilidad para viajar por periodos largos


Responsabilidades:
· Diseñar e implementar la estrategia de Visual Merchandising de la marca.
· Crear experiencias de compra que fortalezcan el posicionamiento comercial e incrementen las ventas.
· Desarrollar conceptos visuales para tiendas y exhibiciones.
· Coordinar el montaje de escaparates, displays y exhibiciones de producto.
· Participar en el desarrollo de nuevas colecciones y estrategias de lanzamiento.
· Definir estrategias de precios y promociones alineadas a los objetivos del negocio.
· Liderar la apertura de nuevas sucursales desde la perspectiva visual y comercial.
· Analizar tendencias de mercado para mantener una propuesta innovadora y competitiva.


Ofrecemos:
· Sueldo entre $18,000 y $22,000 mensuales brutos
· Cotización ante el IMSS al 100%
· Prestaciones de ley desde el primer día
· Jornada completa de lunes a jueves y viernes cortos.
· Contrato directo con la empresa",JD Completo,,,N2 · Store Design & Flagship Execution,,,,,,,,Alias resuelto: Milano Operadora confirmado como marca canónica (alias_map.json actualizado 2026-08-10),
8 de agosto de 2026 4:07,L1,Career Page Oficial,Vacante,VM,No,No,No,No,Gerente de Visual Merchandising / Gerente Nacional de Visual Merchandising,CONFIDENCIAL,,2 MEDIO,60,ago 15   (GMT-6),Alto,CREATE,Target,Optimizar,bfb896375265e7930c42ff6c7cab53f99e5354b1bcbcc071f787eff2acb09e24,Accesible,http://www.occ.com.mx/empleo/oferta/21240758,DETERMINISTIC,"Gerente de Visual Merchandising / Gerente Nacional de Visual Merchandising

Si el reclutador te contacta podrás conocer el sueldo
Empresa confidencial en Miguel Hidalgo, Ciudad de México
Empresa verificada

Postularme

Gerente de Visual Merchandising / Gerente Nacional de Visual Merchandising
Si el reclutador te contacta podrás conocer el sueldo
Empresa confidencial Miguel Hidalgo, Ciudad de México
Empresa verificada

Postularme
Sobre el empleo

Categoría: Mercadotecnia - Publicidad - Relaciones Públicas
Subcategoría: Mercadotecnia
Educación mínima requerida: Posgrado
Detalles

Contratación:
Tiempo completo
Horario:
Jornada completa
Espacio de trabajo:
Hibrido
Descripción

Liderar la estrategia de Visual Merchandising y Retail Experience de la compañía, garantizando una ejecución impecable de la identidad de marca en todos los puntos de venta. Será responsable de transformar la experiencia del cliente mediante exhibiciones comerciales, escaparates, layouts y campañas visuales que impulsen el tráfico, la conversión y las ventas, asegurando consistencia en toda la red de tiendas.
Perfil
Licenciatura en Diseño, Arquitectura, Diseño de Interiores, Mercadotecnia, Moda, Comunicación Visual o afín.
Deseable especialidad o posgrado en Retail, Branding o Administración.
Mínimo 8 años de experiencia en Visual Merchandising dentro de empresas de retail premium, moda, lujo o consumo.
Al menos 4 años liderando equipos regionales o nacionales.
Experiencia administrando múltiples tiendas a nivel nacional.
Conocimiento de indicadores comerciales y análisis de ventas.
Dominio de Microsoft Office (Excel y PowerPoint).
Deseable manejo de Adobe Creative Suite, SketchUp, AutoCAD o herramientas de diseño.
Inglés intermedio o avanzado.
Responsabilidades
Definir la estrategia nacional de Visual Merchandising alineada con los objetivos comerciales y de marca.
Diseñar e implementar lineamientos visuales para tiendas, aperturas, remodelaciones y campañas estacionales.
Garantizar la correcta ejecución de escaparates, exhibiciones, planogramas y layouts comerciales.
Liderar al equipo de Visual Merchandising a nivel nacional, desarrollando talento y asegurando altos estándares de ejecución.
Colaborar estrechamente con las áreas de Retail, Marketing, Comercial, Operaciones y Expansión.
Analizar indicadores de desempeño (ventas, conversión, ticket promedio, productividad por categoría) para optimizar la presentación de producto.
Supervisar aperturas de nuevas tiendas y proyectos especiales.
Asegurar la correcta implementación de campañas de temporada, lanzamientos y promociones.
Gestionar presupuestos del área y proveedores relacionados con mobiliario, impresión, producción e instalación.
Identificar tendencias de retail, moda y comportamiento del consumidor para mantener una experiencia diferenciadora.
Competencias
Liderazgo e influencia.
Pensamiento estratégico.
Alto sentido estético y comercial.
Orientación a resultados.
Planeación y organización.
Innovación.
Excelente comunicación.
Capacidad para trabajar bajo presión y gestionar múltiples proyectos.
Ofrecemos
Sueldo competitivo.
Prestaciones superiores a las de ley.
Bono por desempeño.
Desarrollo profesional.
Participación en proyectos estratégicos de transformación del negocio.
Excelente ambiente laboral.



Lo que busca la empresa
Tiempo de experiencia 5 años
Diplomado",JD Completo,Posible duplicado,,N3 · Regional Brand Execution & Rollout,,,,,,,,,
8 de agosto de 2026 4:07,L1,Career Page Oficial,Vacante,VM,No,No,No,No,Visual Merchandiser,Ikea,,3 ALTO,75,ago 15   (GMT-6),Alto,CREATE,Target,Optimizar,87d3cc4cdeb07e269c732739a5b040f099ae6741d45d3c2fc1cb73d3c67d2508,Accesible,https://jobs.smartrecruiters.com/ikanoretail/744000141598989-visual-merchandiser,DETERMINISTIC,"Visual Merchandiser
    ◦ Av. del Peñón, Moctezuma 2da Secc, Ciudad de México, CDMX, México
    ◦ A jornada completa
    ◦ Departamento: Interior Design & Visual Merchandising
Descripción de la empresa
The IKEA vision is to create a better everyday life for the many people. We do this by offering a wide range of well-designed, functional home furnishing products at prices so low that as many people as possible can afford them. We operate in Singapore, Malaysia and Thailand – and have an ambitious expansion plan to bring a little bit of Sweden to new markets in the region. We are part of the Ikano Group of companies and the only IKEA franchisee owned by the Kamprad family that founded IKEA.

We also develop, own and operate Shopping Centres that are anchored by IKEA and create walkable communities by including residential, office and other types of real estate in our development plans.

We work towards making sustainability a natural part of our everyday work. We are active in our communities, driving and supporting social initiatives that benefit children, women and the environment.
Descripción del empleo
Buscamos una persona escaparatista creativa y meticulosa para incorporarse a nuestro dinámico equipo de venta al por menor en Ciudad de México, México. En este puesto, será usted la fuerza creativa que impulse la identidad visual de nuestra tienda, transformando nuestros espacios comerciales en experiencias de marca atractivas que cautiven a los clientes e impulsen las ventas. Trabajará en colaboración con la dirección de la tienda y con equipos multidisciplinares para desarrollar soluciones de exposición innovadoras que pongan de relieve nuestra gama de productos, al tiempo que se mantiene la coherencia de la marca y se maximiza la participación de los clientes. - Diseñar y ejecutar escaparates visualmente atractivos, presentaciones en el interior de la tienda e instalaciones promocionales que se ajusten a las directrices de la marca y a las campañas de temporada
    ◦ Analizar los datos de ventas, el comportamiento de los clientes y las tendencias del mercado para definir estrategias de merchandising y optimizar la colocación de los productos con el fin de lograr la máxima visibilidad y conversión - Colaborar con las personas responsables de la gestión de la tienda, los equipos de marketing y los departamentos de merchandising para desarrollar e implementar planes de merchandising visual que mejoren la experiencia de compra en su conjunto
    ◦ Mantener la organización de la distribución de la tienda, asegurándose de que las gamas de productos se presenten de forma lógica y atractiva, al tiempo que se conserva la vitalidad y el atractivo visual del establecimiento. - Gestionar el inventario de materiales de exposición, atrezo y elementos fijos, garantizando un uso eficiente de los recursos y una reposición oportuna. - Supervisar los escaparates de la competencia y las tendencias del sector minorista para identificar oportunidades innovadoras de comercialización y mantener nuestra ventaja competitiva.
    ◦ Formar y orientar al personal de tienda sobre las mejores prácticas de merchandising visual y las normas de presentación de la marca - Realizar auditorías periódicas de los expositores de las tiendas para garantizar el cumplimiento de las normas de merchandising e identificar áreas de mejora - Trabajar en horarios flexibles, incluidos fines de semana y días festivos, para apoyar las campañas de temporada y los eventos promocionales - Comunicarse de forma eficaz con los miembros del equipo y las partes interesadas para garantizar la ejecución fluida de las iniciativas de merchandising
Requisitos
Requisitos: - Entre 2 y 3 años de experiencia profesional como escaparatista en un entorno comercial minorista dinámico - Formación en diseño o formación profesional equivalente en escaparatismo, diseño gráfico o un campo relacionado - Gran sensibilidad para el diseño visual, con buen ojo para el color, la composición y el equilibrio estético
    ◦ Dominio de los programas y herramientas de diseño (se valorará el uso de Adobe Creative Suite) - Excelente dominio del inglés, tanto oral como escrito - Capacidad demostrada para analizar métricas de ventas y datos de clientes con el fin de tomar decisiones de merchandising - Sólidas habilidades organizativas y de gestión del tiempo, con capacidad para gestionar varios proyectos simultáneamente
    ◦ Excelentes habilidades interpersonales y de comunicación, con capacidad para colaborar eficazmente entre equipos - Capacidad física para trabajar en un entorno minorista, lo que incluye permanecer de pie durante largos periodos de tiempo, levantar peso y trabajar en altura - Flexibilidad para trabajar en horarios variables, incluyendo por las tardes, los fines de semana y los días festivos, según sea necesario
Requisitos preferentes:
    ◦ Dominio bilingüe del español y el inglés - Experiencia con sistemas de gestión minorista o software de punto de venta - Conocimiento de las tendencias actuales del comercio minorista, el comportamiento de los consumidores y la dinámica del mercado - Experiencia con herramientas de diseño o visualización en 3D - Historial demostrado en el desarrollo de estrategias de merchandising que hayan incrementado las ventas o la participación de los clientes - Certificación en merchandising visual o gestión minorista
Información adicional
Please apply by 10-AGO-2026.",JD Completo,Posible duplicado,,N4 · Commercial VM & Field Leadership,,,,,,,,"Alias resuelto: Ikano Retail → Ikea (holding Ikano Retail, alias_map.json actualizado 2026-08-10)",
12 de agosto de 2026 6:44,L3,Indeed,Vacante,VM,No,No,No,No,Supervisor de Visual Merchandising Styling y Sneakers,Multicont,Investigar,3 ALTO,60,ago 15   (GMT-6),Alto,CREATE,Target,Optimizar,c5fe857ff9d435f97138a2e6976e663f87c2efb34c1bf5118c04cf628efaedbd,Accesible,https://mx.indeed.com/viewjob?jk=cd5a8222009526d6,DETERMINISTIC,"Cuauhtémoc, CDMX$18,374.48 a $26,000.00 por mes -  Tiempo completo&nbsp;
Información del empleoAsí es como las especificaciones del empleo se alinean con tu https://profile.indeed.com/.
Sueldo
• $18,374.48 a $26,000.00 por mes
Tipo de empleo
• Tiempo completo&nbsp;
UbicaciónCuauhtémoc, CDMX&nbsp;
Descripción completa del empleo

Supervisor de Visual Merchandising, Styling Y Sneakers CDMX
Objetivo del puesto
Liderar y desarrollar al equipo de Visual Merchandising en tiendas departamentales y cuentas wholesale, asegurando una correcta ejecución visual y comercial en punto de venta, así como el cumplimiento de campañas, lineamientos de marca y objetivos comerciales.
Buscamos un perfil con liderazgo estratégico, apasionado de la moda, Styling y sneakers, con capacidad para desarrollar equipos, resolver conflictos y generar relaciones sólidas con las cuentas y tiendas.
Funciones principales
• Crear y coordinar propuestas creativas de Styling y sneakers , además de liderar un equipo de 8 a 12 Visual Merchandisers en diferentes puntos de venta.
• Elaborar rutas semanales y asegurar cobertura eficiente de tiendas.
• Supervisar la correcta implementación de campañas, visuales, estilismo, exhibiciones y lineamientos de marca, estilizar maniquíes, exhibiciones y looks de acuerdo con tendencias y objetivos comerciales.
• Dar seguimiento al desempeño del equipo mediante retroalimentación y acompañamiento constante.
• Detectar oportunidades de mejora en layout, exhibiciones y espacios comerciales.
• Negociar espacios adicionales y mantener relación con personal clave de tienda.
• Analizar ventas, desplazamiento de producto y comportamiento comercial por punto de venta.
• Reportes administrativos sobre necesidades y dará de tiendas, reportes fotográficos y seguimiento a KPIs.
• Asegurar la correcta integración y seguimiento del personal de nuevo ingreso.
• Resolver incidencias operativas y dar soporte estratégico al equipo en campo.
• Coordinar aperturas de tiendas y proyectos especiales.
• Garantizar que mobiliario, materiales y ejecución visual estén alineados a estándares de marca.
• Analizar ventas y proponer ajustes visuales o estilísticos basados en resultados.
Requisitos:
• Experiencia mínima de 2 años como Supervisor de Visual Merchandising, Styling, sneakers, retail, moda o industria textil.
• Pasión por la moda, visión estética y capacidad para traducir conceptos de estilo en propuestas visuales atractivas.
• Muy deseable, Conocimiento en sneakers, especialmente en lanzamientos y colaboraciones
• Experiencia liderando equipos en campo.
• Experiencia en tiendas departamentales y cuentas wholesale.
• Conocimiento sólido en Visual Merchandising, ejecución comercial, Styling y sneakers.
• Habilidades de liderazgo, negociación y resolución de conflictos.
• Capacidad analítica y visión comercial.
• Disponibilidad para trabajo en campo y rutas.
Competencias clave
• Liderazgo y desarrollo de equipos
• Comunicación asertiva
• Organización y planeación
• Resolución de conflictos
• Proactividad
• Visión estratégica y comercial
• Trabajo en equipo
• Orientación a resultados
• Conocimiento en colorimetría, styling y sneakers
Ofrecemos:
• Sueldo base: $18,374.48
• Vales de despensa: $1,665.00
• Bono de desempeño $4,995.00
• Bono de transporte: $1,110.00
• Prestaciones de ley, cotización al 100% ante IMSS",JD Completo,Posible duplicado,,,,,,,,,,,
12 de agosto de 2026 6:48,L3,Indeed,Vacante,VM,No,No,No,No,Supervisor de Visual Merchandising,ENCANTO MEXICO SA DE CV,Investigar,3 ALTO,60,ago 15   (GMT-6),Alto,CREATE,Target,Optimizar,43d7870beb2ddf78a14419de22b8e23cd7206a5ec1437717342a20629f7c4f47,Accesible,https://mx.indeed.com/viewjob?jk=740bb732d2ee9186,DETERMINISTIC,"Miguel Hidalgo, CDMX$15,000 por mes -  Tiempo completo&nbsp;
Información del empleoAsí es como las especificaciones del empleo se alinean con tu https://profile.indeed.com/.
Sueldo
• $15,000 por mes
Tipo de empleo
• Tiempo completo
Turno y horario
• Lunes a viernes&nbsp;
UbicaciónMiguel Hidalgo, CDMX&nbsp;
Beneficios
Obtenidos de la descripción completa del empleo
• Oportunidades de crecimiento&nbsp;
Descripción completa del empleo
En Mobica ,buscamos un/a Supervisor/a de Visual Merchandising con visión creativa y enfoque comercial, capaz de transformar los espacios de exhibición en experiencias atractivas para el cliente, asegurando la correcta ejecución de la imagen de marca y contribuyendo al incremento de ventas.
Responsabilidades principales
• Garantizar la correcta implementación de lineamientos de Visual Merchandising.
• Supervisar y apoyar al equipo en la ejecución de exhibiciones y montaje de ambientes.
• Asegurar la alineación de la imagen de marca en todas las tiendas o zonas asignadas.
• Coordinar la correcta exhibición de productos conforme a campañas, temporadas y estrategias comerciales.
• Detectar oportunidades de mejora en exhibiciones para incrementar el impacto comercial.
Requisitos
• Licenciatura concluida en Arquitectura, Diseño de Interiores, Diseño Industrial, Diseño Gráfico, Marketing o afín.
• Conocimiento en montaje de exhibiciones y presentación de producto.
• Habilidad para coordinar equipos de trabajo.
• Enfoque creativo, organizado y orientado a resultados.
• Disponibilidad para trasladarse entre tiendas o puntos de venta (si aplica).
Ofrecemos
• Sueldo de $15,000 netos mensuales.
• Prestaciones de ley.
• Horario de lunes a viernes de 8:00 a.m. a 5:00 p.m.
• Estabilidad laboral y oportunidad de desarrollo profesional.
Sueldo: $15,000.00 al mes
Lugar de trabajo: Empleo presencial",JD Completo,,,,,,,,,,,,
12 de agosto de 2026 6:48,L3,Indeed,Vacante,VM,No,No,No,No,Visual Merchandising,GRUPO PARISINA,Investigar,3 ALTO,60,ago 15   (GMT-6),Alto,CREATE,Target,Optimizar,e39ce91bae44daffe282d7d0714df8e36e68f80f2870d310774511b91408f91b,Accesible,https://mx.indeed.com/viewjob?jk=dbf13a410f3aacf8,DETERMINISTIC,"Cuauhtémoc, CDMX$20,000 por mes -  Tiempo completo&nbsp;
Información del empleoAsí es como las especificaciones del empleo se alinean con tu https://profile.indeed.com/.
Sueldo
• $20,000 por mes
Tipo de empleo
• Tiempo completo&nbsp;
UbicaciónCuauhtémoc, CDMX&nbsp;
Descripción completa del empleo
PARISINA, Comercializadora líder en el ramo textil y de manualidades, con presencia en todo el país y en constante crecimiento solicita:
VISUAL MERCHANDISING
REQUISITOS:
· Escolaridad Lic. Diseño Gráfico o afín
• 3 años de experiencia en puesto similar comprobable
• Adobe-Photoshop
· Manejo del idioma inglés escrito y hablado comprobable (certificación B2/C1)
HABILIDADES Y CONOCIMIENTOS:
· Desarrollo e implementación de la imagen visual en tiendas
· Branding
· Alta capacidad de visualización y ejecución de conceptos de diseño en tienda
· Participación activa en los proyectos de montaje de nuevas tiendas, remodelaciones y reubicaciones.
· Indispensable experiencia en diseño de empaques de productos
· Alto nivel de compromiso
· Persona estructurada y con capacidad de priorizar
OFRECEMOS:
Sueldo de $20 mil netos mensuales con él 10% de vales ya incluidos
Prestaciones de ley al 100% y desde el primer día
Agradable ambiente de trabajo
Contratación inmediata
Horario lunes a jueves de 8 a 18 / viernes de 8 a 17 hrs.
Lugar de trabajo: Oficinas Corporativas Centro Histórico CDMX
Si te gustan los retos y cubres el perfil, envía tu CV detallado con fotografía.
Sueldo: $20,000.00 al mes
Pregunta(s) de postulación:
• ¿Cuál es tu nivel de inglés escrito y hablado?
Lugar de trabajo: Empleo presencia",JD Completo,,,,,,,,,,,,
12 de agosto de 2026 22:08,L3,Indeed,Vacante,VM,No,No,No,No,Coordinador de Visual Merchandising - Retail Belleza,ARUMA (Belleza),Investigar,3 ALTO,60,ago 15   (GMT-6),Alto,CREATE,Target,Optimizar,529f1e95480e9afae726e3274f11d1aeec0e58df51491c17f5ebf48b01f3a3de,Accesible,https://mx.indeed.com/cmp/Aruma-(belleza)/jobs?jk=cd792883ebf75232,DETERMINISTIC,"Si tienes experiencia transformando espacios comerciales en experiencias de marca, liderando implementaciones en punto de venta y asegurando una ejecución visual impecable, queremos conocerte.

¿Cuál será tu reto?
Liderar la estrategia y ejecución de Visual Merchandising en nuestros puntos de venta, asegurando una identidad de marca consistente, atractiva y alineada con los objetivos comerciales.

Principales responsabilidades:

Planificar y ejecutar la estrategia de Visual Merchandising para campañas, temporadas y lanzamientos.
Diseñar y supervisar vitrinas, exhibiciones, layouts y planogramas.
Coordinar la implementación visual de aperturas, remodelaciones y mantenimiento de tiendas.
Garantizar la correcta ejecución de campañas y materiales POP en punto de venta.
Desarrollar y actualizar lineamientos y manuales de implementación visual.
Coordinar proveedores de producción, mobiliario, impresión e instalación.
Realizar auditorías visuales y dar seguimiento a los estándares de ejecución en tiendas.
Liderar y desarrollar al equipo a cargo.
Proponer nuevas soluciones de exhibición que mejoren la experiencia de compra y favorezcan la rotación de producto.
¿Qué buscamos?
Licenciatura en Marketing, Diseño, Arquitectura, Visual Merchandising o áreas afines.
4 a 6 años de experiencia en Visual Merchandising, preferentemente en Retail.
Experiencia comprobable en implementación y supervisión de puntos de venta.
Conocimiento de planogramas, layouts, exhibición de producto y material POP.
Experiencia en coordinación y negociación con proveedores.
Experiencia liderando equipos y proyectos.
Inglés intermedio.

Será un plus:
Experiencia en el sector belleza, moda o consumo.
Manejo de herramientas de diseño y visualización.

Lugar de trabajo: CDMX | Corporativo + visitas a tiendas.

Buscamos un perfil que combine visión estratégica, creatividad, liderazgo y una fuerte orientación a la ejecución, capaz de convertir cada punto de venta en una experiencia de marca consistente y memorable.

¡Queremos conocerte! Postúlate por este medio o manda tu CV actualizado al 5561204049

Sueldo: $40,000.00 al mes

Beneficios:

Caja de ahorro
Descuento de empleados
Estacionamiento de la empresa
Estacionamiento gratuito
Opción a contrato indefinido
Seguro de gastos médicos mayores
Seguro de vida
Vales de despensa
Lugar de trabajo: Empleo presencial",JD Completo,Posible duplicado,,,,,,,,,,,
14 de agosto de 2026 22:28,L3,LinkedIn,Vacante,VM,No,No,No,No,"Gerente Marketing, Visual, Merchandising PDV Retail BELLEZA",Beyond,Investigar,3 ALTO,45,ago 15   (GMT-6),Alto,REVIEW_NEEDED,Target,Investigar,27b4ad99a4dd08c69db6e67f733f2fa7ad1f153f406f1158a2fc8f825a1dd8b2,Accesible,https://www.linkedin.com/jobs/view/4452782625/?lipi=urn%3Ali%3Apage%3Aemail_email_job_alert_digest_01%3BQARJ8cNzRNCnBdEm19w5Vg%3D%3D&midToken=AQFBbnqwSU_P6A&midSig=0scLEQy8Zrnso1&trkEmail=eml-email_job_alert_digest_01-primary_job_list-0-jobcard_body_text_1_jobid_4452782625_ssid_8740908906_fmid_4yj3pj~msro3esg~ot-null-4yj3pj~msro3esg~ot-null-null&eid=4yj3pj-msro3esg-ot&otpToken=NzRlMDFkOGMyZTg4MTQ1MjQyMmI0MmYyMTg5MDg0NTU0MjkyNjQ5YmMzYjEyOWM2MTEzYWZhMjBmZGIwNjBjMjBiMDkyMTU5Nzk5YjljNzFhYjM1MmM1N2M5MDA0NTQ5M2YyNzg5OGJkYTQ3NzM0MjMyNjA5NGRlNTk5NGNjZGZiMWMzYzUyMmFkZjQsMiwx,DETERMINISTIC,,,,,,,,,,,,,,
14 de agosto de 2026 22:32,L3,Indeed,Vacante,VM,No,No,No,No,Visual Merchandiser Temporal,Multicont,Investigar,,,,Alto,,Expirada,Archivar,4a81678bc7e4be7849e25e191d6352b3d81121d2e3faf03c7d3ce6e79fd67232,Bloqueado,https://mx.indeed.com/viewjob?jk=998fdc0e5ec88f48,,,,,,,,,,,,,,,
14 de agosto de 2026 22:34,L3,Indeed,Vacante,VM,No,No,No,No,Visual Merchandising Manager,Indeed,Investigar,,,,Alto,,Expirada,Archivar,8841fc7331472b70d4f5f3beafdfc46865af925501af7b94b76c33a987667305,Bloqueado,https://mx.indeed.com/jobs?q=visual+merchandising+manager&hl=es&from=ja&l=Ciudad+de+M%C3%A9xico%2C+CDMX&radius=25&alid=6a0f718696b8a77b05a048ba&tmtk=1jvusnohiktur800&utm_campaign=job_alerts&utm_medium=email&utm_source=jobseeker_emails&of=1&fr=t,,,,,,,,,,,,,,,
14 de agosto de 2026 22:45,L3,Indeed,Vacante,VM,No,No,No,No,Visual Merchandising Textil,Grupo Prom,Investigar,,,,Alto,,Expirada,Archivar,12bcbb131bb8dfbe53b3a424410f2823215aaed561f4100e1c978e02c714159c,Bloqueado,https://mx.indeed.com/viewjob?jk=7880bdfd0102a22b,,,,,,,,,,,,,,,
15 de agosto de 2026 2:22,L1,Career Page Oficial,Vacante,VM,No,No,No,No,Visual Merchandising Trade Coordinator,Dior,LVMH,4 CRÍTICO,75,ago 15   (GMT-6),Alto,BLOCKED,REVIEW_NEEDED,Investigar,b1c52e701aa7072797b381511ec0b48ad87c8c3cbe837cac79e8b7bca5cd0ac9,,,DETERMINISTIC,,,Posible duplicado,,,,,,,,,,URL_GATE: MISSING_URL,
15 de agosto de 2026 2:23,L1,Career Page Oficial,Vacante,VM,No,No,No,No,Supervisor de Visual Merchandising,Grupo Encanto,Independiente,2 MEDIO,40,ago 15   (GMT-6),Alto,BLOCKED,REVIEW_NEEDED,Investigar,da35ba77e7198f7e36aba24fb89e4f8279fa942cb90d521e2f680816d09d8995,,,DETERMINISTIC,,,,,,,,,,,,,URL_GATE: MISSING_URL,
15 de agosto de 2026 2:23,L1,Career Page Oficial,Vacante,VM,No,No,No,No,Visual Merchandiser - Parque Duraznos,Massimo Dutti,,3 ALTO,55,ago 15   (GMT-6),Alto,BLOCKED,REVIEW_NEEDED,Investigar,7782d44dd23916506f22286a781db2557d69fa176776564c0c7ece71ad0675a1,,,DETERMINISTIC,,,Posible duplicado,,,,,,,,,,alias no resuelto: Massimo Dutti,
15 de agosto de 2026 2:23,L1,Career Page Oficial,Vacante,VM,No,No,No,No,Visual Merchandiser LATAM,Zegna,,2 MEDIO,40,ago 15   (GMT-6),Alto,BLOCKED,REVIEW_NEEDED,Investigar,92970c29efb5b1da9cc722a88956f3506a88c443928de16e0ae2c33fc2488a2d,,,DETERMINISTIC,,,,,,,,,,,,,alias no resuelto: Zegna,
15 de agosto de 2026 2:23,L1,Career Page Oficial,Vacante,Otro,No,No,No,No,Senior Buying & Merchandising Manager Fashion,LaPieza,,2 MEDIO,50,,Bajo,,Expirada,Archivar,789f26c8574d9897a9dccdc42ba147b3c3eb2a5b5067948651f3f6a4afd53399,,,DETERMINISTIC,,,,,,,,,,,,,alias no resuelto: LaPieza,
15 de agosto de 2026 2:23,L1,Career Page Oficial,Vacante,VM,No,No,No,No,Visual Merchandiser / Retail Skincare,Grupo Eurokor de México,,2 MEDIO,40,ago 15   (GMT-6),Alto,BLOCKED,REVIEW_NEEDED,Investigar,50a470d77b92ff836626b0a00469021b9c4e3266ac2cac387bd1bad40c83db00,,,DETERMINISTIC,,,Posible duplicado,,,,,,,,,,alias no resuelto: Grupo Eurokor de México,
15 de agosto de 2026 2:23,L1,Career Page Oficial,Vacante,VM,No,No,No,No,Coordinador de Visual Merchandising - Retail Belleza,Aruma (Belleza),,2 MEDIO,40,ago 15   (GMT-6),Alto,BLOCKED,REVIEW_NEEDED,Investigar,0e9b5ca47f0e222a489a95fb054cd7788602e8fc4c446ba656f98b4c208d3891,,,DETERMINISTIC,,,Posible duplicado,,,,,,,,,,alias no resuelto: Aruma (Belleza),
15 de agosto de 2026 2:23,L1,Career Page Oficial,Vacante,VM,No,No,No,No,Supervisor de Visual Merchandising y Styling,Multicont,Independiente,2 MEDIO,40,ago 15   (GMT-6),Alto,BLOCKED,REVIEW_NEEDED,Investigar,51469ef1a67ffe5f736e15ce0a4516ec318dd5c4fdf12354360c3e3fcf1cfa7d,,,DETERMINISTIC,,,Posible duplicado,,,,,,,,,,semi-duplicate (dedup cross-layer),
15 de agosto de 2026 2:23,L1,Career Page Oficial,Vacante,VM,No,No,No,No,Visual Merchandiser,Ikano-Retail,,2 MEDIO,40,ago 15   (GMT-6),Alto,BLOCKED,REVIEW_NEEDED,Investigar,5475eb5eb3be61411189d2d7fac5a863f1d5bd9377390e4165948aa6c1eb7f20,,,DETERMINISTIC,,,Posible duplicado,,,,,,,,,,alias no resuelto: Ikano-Retail,
15 de agosto de 2026 2:23,L1,Career Page Oficial,Vacante,VM,No,No,No,No,Subgerente / Lider Visual Merchandising NIKE Parque Tezontle,Nike,Nike Inc.,3 ALTO,55,ago 15   (GMT-6),Alto,BLOCKED,REVIEW_NEEDED,Investigar,00dbb63783b1395b2b7942faccf04add2bb8c40c7bf9267242e5664a2cf57e23,,,DETERMINISTIC,,,,,,,,,,,,,URL_GATE: MISSING_URL,
15 de agosto de 2026 2:23,L1,Career Page Oficial,Vacante,VM,No,No,No,No,Gerente de Visual Merchandising / Gerente Nacional de Visual Merchandising,Confidential,,2 MEDIO,40,ago 15   (GMT-6),Alto,BLOCKED,REVIEW_NEEDED,Investigar,e4b5424bd34f54eed756c45d284a85dda5c3d03697c21285c6d40042ba6d7ce7,,,DETERMINISTIC,,,Posible duplicado,,,,,,,,,,alias no resuelto: Confidential,
15 de agosto de 2026 2:23,L1,Career Page Oficial,Vacante,VM,No,No,No,No,IMAGEN Y VISUAL MERCHANDISER CDMX,Inditex,Inditex,3 ALTO,55,ago 15   (GMT-6),Alto,BLOCKED,REVIEW_NEEDED,Investigar,7f85510e06cc3eb49523e40fbab0bb66879b366aa6bdc464a9c3265c1e5861a6,,,DETERMINISTIC,,,Posible duplicado,,,,,,,,,,URL_GATE: MISSING_URL,
15 de agosto de 2026 2:23,L1,Career Page Oficial,Vacante,VM,No,No,No,No,ZARA HOME - VISUAL MERCHANDISER CDMX,Zara,Inditex,3 ALTO,55,ago 15   (GMT-6),Alto,BLOCKED,REVIEW_NEEDED,Investigar,d665196ab998fde83706f9e8b43dcf2867a6f22d41af41e4ca30af6bff16520d,,,DETERMINISTIC,,,,,,,,,,,,,URL_GATE: MISSING_URL,